{
  "span_128_dtype_bf16_decode": {
    "span": "128",
    "dtype": "bf16",
    "mode": "decode",
    "wall_time_sec": {
      "mean": 55.66883560183334,
      "p95": 56.089051143,
      "min": 55.313768729,
      "max": 56.089051143
    },
    "logits_gz_bytes": {
      "mean": 19726091,
      "total": 118356546
    },
    "sample_count": 6
  },
  "span_128_dtype_bf16_prefill": {
    "span": "128",
    "dtype": "bf16",
    "mode": "prefill",
    "wall_time_sec": {
      "mean": 55.60940107083333,
      "p95": 56.028250676,
      "min": 54.998315265,
      "max": 56.028250676
    },
    "logits_gz_bytes": {
      "mean": 19726091,
      "total": 118356546
    },
    "sample_count": 6
  },
  "span_128_dtype_fp16_decode": {
    "span": "128",
    "dtype": "fp16",
    "mode": "decode",
    "wall_time_sec": {
      "mean": 55.9960755705,
      "p95": 56.690599511,
      "min": 55.347639288,
      "max": 56.690599511
    },
    "logits_gz_bytes": {
      "mean": 19726091,
      "total": 118356546
    },
    "sample_count": 6
  },
  "span_128_dtype_fp16_prefill": {
    "span": "128",
    "dtype": "fp16",
    "mode": "prefill",
    "wall_time_sec": {
      "mean": 55.55599041316667,
      "p95": 56.045904901,
      "min": 55.159020652,
      "max": 56.045904901
    },
    "logits_gz_bytes": {
      "mean": 19726091,
      "total": 118356546
    },
    "sample_count": 6
  },
  "span_32_dtype_bf16_decode": {
    "span": "32",
    "dtype": "bf16",
    "mode": "decode",
    "wall_time_sec": {
      "mean": 40.806998924,
      "p95": 41.448335608,
      "min": 40.256484125,
      "max": 41.448335608
    },
    "logits_gz_bytes": {
      "mean": 4919006,
      "total": 29514036
    },
    "sample_count": 6
  },
  "span_32_dtype_bf16_prefill": {
    "span": "32",
    "dtype": "bf16",
    "mode": "prefill",
    "wall_time_sec": {
      "mean": 40.872819208833334,
      "p95": 41.968282737,
      "min": 40.57343963,
      "max": 41.968282737
    },
    "logits_gz_bytes": {
      "mean": 4919006,
      "total": 29514036
    },
    "sample_count": 6
  },
  "span_32_dtype_fp16_decode": {
    "span": "32",
    "dtype": "fp16",
    "mode": "decode",
    "wall_time_sec": {
      "mean": 41.2264370615,
      "p95": 41.774574708,
      "min": 40.787470873,
      "max": 41.774574708
    },
    "logits_gz_bytes": {
      "mean": 4919006,
      "total": 29514036
    },
    "sample_count": 6
  },
  "span_32_dtype_fp16_prefill": {
    "span": "32",
    "dtype": "fp16",
    "mode": "prefill",
    "wall_time_sec": {
      "mean": 41.149740098500004,
      "p95": 41.82495617,
      "min": 40.630693133,
      "max": 41.82495617
    },
    "logits_gz_bytes": {
      "mean": 4919006,
      "total": 29514036
    },
    "sample_count": 6
  },
  "span_512_dtype_bf16_decode": {
    "span": "512",
    "dtype": "bf16",
    "mode": "decode",
    "wall_time_sec": {
      "mean": 117.358676473,
      "p95": 117.723502477,
      "min": 117.053589681,
      "max": 117.723502477
    },
    "logits_gz_bytes": {
      "mean": 78937041,
      "total": 473622246
    },
    "sample_count": 6
  },
  "span_512_dtype_bf16_prefill": {
    "span": "512",
    "dtype": "bf16",
    "mode": "prefill",
    "wall_time_sec": {
      "mean": 117.71118139949999,
      "p95": 118.537223566,
      "min": 116.933938103,
      "max": 118.537223566
    },
    "logits_gz_bytes": {
      "mean": 78937041,
      "total": 473622246
    },
    "sample_count": 6
  },
  "span_512_dtype_fp16_decode": {
    "span": "512",
    "dtype": "fp16",
    "mode": "decode",
    "wall_time_sec": {
      "mean": 117.498509444,
      "p95": 119.093497496,
      "min": 116.589416557,
      "max": 119.093497496
    },
    "logits_gz_bytes": {
      "mean": 78937041,
      "total": 473622246
    },
    "sample_count": 6
  },
  "span_512_dtype_fp16_prefill": {
    "span": "512",
    "dtype": "fp16",
    "mode": "prefill",
    "wall_time_sec": {
      "mean": 117.16115820350001,
      "p95": 117.414202489,
      "min": 116.728522146,
      "max": 117.414202489
    },
    "logits_gz_bytes": {
      "mean": 78937041,
      "total": 473622246
    },
    "sample_count": 6
  }
}